{"code": 100, "data": "\u7535\u5b50\u53d1\u7968\n\u589e\u503c\u7a0e\u4e13\u7528\u53d1\u7968\uff09\n\u53d1\u7968\u53f7\u7801\uff1a25957000000172505414\n\u5f00\u7968\u65e5\u671f\uff1a2025\u5e7411\u670825\u65e5\n\u6df1\u5733\u5e02\u7a0e\u52a1\u5c40\n\u51711\u9875\u7b2c1\u9875\n\u9500\u552e\u65b9\u4fe1\u606f\n\u8d2d\n\u540d\u79f0\uff1a\u90d1\u5dde\u7433\u4e4b\u661f\u901a\u8baf\u6709\u9650\u516c\u53f8\n\u540d\u79f0\uff1a\u5317\u4eac\u795e\u5dde\u6570\u7801\u79d1\u6377\u6280\u672f\u670d\u52a1\u6709\u9650\u516c\u53f8\u9f99\u5c97\u5206\u516c\u53f8\n\u4e70\u65b9\u4fe1\u606f\n\u7edf\u4e00\u793e\u4f1a\u4fe1\u7528\u4ee3\u7801/\u7eb3\u7a0e\u4eba\u8bc6\u522b\u53f7\uff1a91410104MAD3TRFC98\n\u7edf\u4e00\u793e\u4f1a\u4fe1\u7528\u4ee3\u7801/\u7eb3\u7a0e\u4eba\u8bc6\u522b\u53f7\uff1a914403005521424458\n\u5355\u4f4d\n\u5355\u4ef7\n\u89c4\u683c\u578b\u53f7\n\u6570\u91cf\n\u91d1\u989d\n\u7a0e\u989d\n\u9879\u76ee\u540d\u79f0\n\u7a0e\u7387/\u5f81\u6536\u7387\n\u4e2a\n1\n*\u7535\u5b50\u8ba1\u7b97\u673a*HUAWEI\n000000000282\n4600.88\n4600.88\n13%\n598.12\nMatePad Pro13.2\u201dwIFI\n219571\n12GB+256GB\u5ba3\u767d2025\n13%\n*\u7535\u5b50\u8ba1\u7b97\u673a*HUAWEI\n1447. 06\n-188.12\nMatePad Pro 13.2\u201dwIFI\n12GB+256GB\u5ba3\u767d2025\n\u5408\n\u8ba1\n\uffe53153.82\n\uffe5410.00\n\uff08\u5c0f\u5199\uff09\n\u4ef7\u7a0e\u5408\u8ba1\uff08\u5927\u5199\uff09\n\u53c1\u4edf\u4f0d\u4f70\u9646\u62fe\u53c1\u5706\u634c\u89d2\u8d30\u5206\n\uffe53563.82\n\u8d2d\u4e70\u65b9\u5730\u5740\uff1a\u6cb3\u5357\u7701\u90d1\u5dde\u5e02\u7ba1\u57ce\u56de\u65cf\u533a\u9647\u6d77\u8def126\u53f7\u901a\u8baf\u65b0\u5929\u5730\u8d1f\u4e00\u697cA10-01\uff1b\n\u7535\u8bdd\uff1a13213090872\uff1a\n\u8d2d\u65b9\u5f00\u6237\u94f6\u884c\uff1a\u90d1\u5dde\u94f6\u884c\u80a1\u4efd\u6709\u9650\u516c\u53f8\u519c\u4e1a\u8def\u652f\u884c\uff1a\n\u94f6\u884c\u8d26\u53f7\uff1a313491000992\uff1b\n\u5907\n\u6536\u6b3e\u4eba\uff1a\u59dc\u61ff\uff1a\n\u590d\u6838\u4eba\uff1a\u674e\u5a1c\n\u6ce8\n\u5f00\u7968\u4eba\uff1a\u9648\u5bbe", "score": 0.9883582904669969, "time": 1.7283260822296143, "timestamp": 1766488608.2201142}